{
  "MaxRoll": 18.860834815209,
  "MinRoll": -19.860834815209,
  "MaxPitch": 16.3079245113267,
  "MinPitch": -9.78842305002035,
  "MaxYaw": 179.907758171447,
  "MinYaw": -179.907758171447,
  "MaxHeave": 11.0103282928467,
  "MinHeave": -8.76547813415528,
  "MaxSway": 19.8436809311393,
  "MinSway": -19.8436809311393,
  "MaxSurge": 9.77720642089844,
  "MinSurge": -18.9756984710693,
  "MaxExtra1": 18.7608158677026,
  "MinExtra1": -18.7608158677026,
  "MaxExtra2": 0.0,
  "MinExtra2": 0.0,
  "MaxExtra3": 0.0,
  "MinExtra3": 0.0
}